video_name,video_actual_time,time_taken
back1.mp4,N/A,124.3274116
back2.mp4,N/A,195.69128800000001
back3.mp4,N/A,188.61043999999993
backgarden.mp4,N/A,529.5636420000001
Kitchen.mp4,N/A,343.5185222
MVI_3251(edited).mp4,N/A,27.798509100000047
MVI_3258(edited).mp4,N/A,18.918305000000146
MVI_3260(edited).mp4,N/A,17.284804800000074
MVI_3262(edited).mp4,N/A,12.989333600000009
